"Alternate","Description_En","Identifier","Name_En","Symbol"
"[space]","Official Data","1","OFFICICAL","[blank]"
"...","Data not available","2","UNAVAILABLE","M"
"0","More than zero but less than half the unit used","3","NEGLIBILE","N"
"-","None; magnitude known to be nil or zero","4","ZERO","O"
"","FAO estimate from available sources of information or calculation based on specific assumptions","5","ESTIMATE","E"
"","Data created by a mirroring process","6","MIRRORED","T"
"","Imputed (calculated) data","7","IMPUTED","I"
