"Code","Name_En","Name_Fr","Name_Es","Name_Ar","Name_Cn","Name_Ru","Ocean_Group_En","Ocean_Group_Fr","Ocean_Group_Es","Ocean_Group_Ar","Ocean_Group_Cn","Ocean_Group_Ru","InlandMarine_Group_En","InlandMarine_Group_Fr","InlandMarine_Group_Es","InlandMarine_Group_Ar","InlandMarine_Group_Cn","InlandMarine_Group_Ru","FARegion_Group_En","FARegion_Group_Fr","FARegion_Group_Es","FARegion_Group_Ar","FARegion_Group_Cn","FARegion_Group_Ru"
"01","Africa - Inland waters","Afrique - Eaux continentales","África - Aguas continentales","","","","","","","","","","Inland waters","Eaux continentales","Aguas continentales","","","","","","","","",""
"02","America, North - Inland waters","Amérique du Nord - Eaux continentales","América del Norte - Aguas continentales","","","","","","","","","","Inland waters","Eaux continentales","Aguas continentales","","","","","","","","",""
"03","America, South - Inland waters","Amérique du Sud - Eaux continentales","América del Sur - Aguas continentales","","","","","","","","","","Inland waters","Eaux continentales","Aguas continentales","","","","","","","","",""
"04","Asia - Inland waters","Asie - Eaux continentales","Asia - Aguas continentales","","","","","","","","","","Inland waters","Eaux continentales","Aguas continentales","","","","","","","","",""
"05","Europe - Inland waters","Europe - Eaux continentales","Europa - Aguas continentales","","","","","","","","","","Inland waters","Eaux continentales","Aguas continentales","","","","","","","","",""
"06","Oceania - Inland waters","Océanie - Eaux continentales","Oceanía - Aguas continentales","","","","","","","","","","Inland waters","Eaux continentales","Aguas continentales","","","","","","","","",""
"07","Former USSR area - Inland waters","Zone de l'ex-URSS - Eaux continentales","Área de la ex URSS - Aguas continentales","","","","","","","","","","Inland waters","Eaux continentales","Aguas continentales","","","","","","","","",""
"18","Arctic Sea","Mer Arctique","Mar Ártico","","","","Atlantic Ocean and adjacent seas","Océan Atlantique et mers limitrophes","Océano Atlántico y mares adyacentes","","","","Marine areas","Zones maritimes","Áreas marítimas","","","","Northern regions","Régions septentrionales","Regiones del Norte","","",""
"21","Atlantic, Northwest","Atlantique, nord-ouest","Atlántico, noroeste","","","","Atlantic Ocean and adjacent seas","Océan Atlantique et mers limitrophes","Océano Atlántico y mares adyacentes","","","","Marine areas","Zones maritimes","Áreas marítimas","","","","Northern regions","Régions septentrionales","Regiones del Norte","","",""
"27","Atlantic, Northeast","Atlantique, nord-est","Atlántico, nordeste","","","","Atlantic Ocean and adjacent seas","Océan Atlantique et mers limitrophes","Océano Atlántico y mares adyacentes","","","","Marine areas","Zones maritimes","Áreas marítimas","","","","Northern regions","Régions septentrionales","Regiones del Norte","","",""
"31","Atlantic, Western Central","Atlantique, centre-ouest","Atlántico, centro-occidental","","","","Atlantic Ocean and adjacent seas","Océan Atlantique et mers limitrophes","Océano Atlántico y mares adyacentes","","","","Marine areas","Zones maritimes","Áreas marítimas","","","","Central regions","Régions centrales","Regiones centrales","","",""
"34","Atlantic, Eastern Central","Atlantique, centre-est","Atlántico, centro-oriental","","","","Atlantic Ocean and adjacent seas","Océan Atlantique et mers limitrophes","Océano Atlántico y mares adyacentes","","","","Marine areas","Zones maritimes","Áreas marítimas","","","","Central regions","Régions centrales","Regiones centrales","","",""
"37","Mediterranean and Black Sea","Méditerranée et mer Noire","Mediterráneo y Mar Negro","","","","Atlantic Ocean and adjacent seas","Océan Atlantique et mers limitrophes","Océano Atlántico y mares adyacentes","","","","Marine areas","Zones maritimes","Áreas marítimas","","","","Central regions","Régions centrales","Regiones centrales","","",""
"41","Atlantic, Southwest","Atlantique, sud-ouest","Atlántico, sudoccidental","","","","Atlantic Ocean and adjacent seas","Océan Atlantique et mers limitrophes","Océano Atlántico y mares adyacentes","","","","Marine areas","Zones maritimes","Áreas marítimas","","","","Southern regions","Régions méridionales","Regiones del Sur","","",""
"47","Atlantic, Southeast","Atlantique, sud-est","Atlántico, sudoriental","","","","Atlantic Ocean and adjacent seas","Océan Atlantique et mers limitrophes","Océano Atlántico y mares adyacentes","","","","Marine areas","Zones maritimes","Áreas marítimas","","","","Southern regions","Régions méridionales","Regiones del Sur","","",""
"48","Atlantic, Antarctic","Atlantique, Antarctique","Atlántico, Antártico","","","","Southern Ocean","Océan Austral","Océano Austral","","","","Marine areas","Zones maritimes","Áreas marítimas","","","","Southern regions","Régions méridionales","Regiones del Sur","","",""
"51","Indian Ocean, Western","Océan Indien, ouest","Océano Índico, occidental","","","","Indian Ocean","Océan Indien","Océano Índico","","","","Marine areas","Zones maritimes","Áreas marítimas","","","","Central regions","Régions centrales","Regiones centrales","","",""
"57","Indian Ocean, Eastern","Océan Indien, est","Océano Índico, oriental","","","","Indian Ocean","Océan Indien","Océano Índico","","","","Marine areas","Zones maritimes","Áreas marítimas","","","","Central regions","Régions centrales","Regiones centrales","","",""
"58","Indian Ocean, Antarctic","Océan Indien, Antarctique","Océano Índico, Antártico","","","","Southern Ocean","Océan Austral","Océano Austral","","","","Marine areas","Zones maritimes","Áreas marítimas","","","","Southern regions","Régions méridionales","Regiones del Sur","","",""
"61","Pacific, Northwest","Pacifique, nord-ouest","Pacífico, noroeste","","","","Pacific Ocean","Océan Pacifique","Océano Pacífico","","","","Marine areas","Zones maritimes","Áreas marítimas","","","","Northern regions","Régions septentrionales","Regiones del Norte","","",""
"67","Pacific, Northeast","Pacifique, nord-est","Pacífico, nordeste","","","","Pacific Ocean","Océan Pacifique","Océano Pacífico","","","","Marine areas","Zones maritimes","Áreas marítimas","","","","Northern regions","Régions septentrionales","Regiones del Norte","","",""
"71","Pacific, Western Central","Pacifique, centre-ouest","Pacífico, centro-occidental","","","","Pacific Ocean","Océan Pacifique","Océano Pacífico","","","","Marine areas","Zones maritimes","Áreas marítimas","","","","Central regions","Régions centrales","Regiones centrales","","",""
"77","Pacific, Eastern Central","Pacifique, centre-est","Pacífico, centro-oriental","","","","Pacific Ocean","Océan Pacifique","Océano Pacífico","","","","Marine areas","Zones maritimes","Áreas marítimas","","","","Central regions","Régions centrales","Regiones centrales","","",""
"81","Pacific, Southwest","Pacifique, sud-ouest","Pacífico, sudoccidental","","","","Pacific Ocean","Océan Pacifique","Océano Pacífico","","","","Marine areas","Zones maritimes","Áreas marítimas","","","","Southern regions","Régions méridionales","Regiones del Sur","","",""
"87","Pacific, Southeast","Pacifique, sud-est","Pacífico, sudoriental","","","","Pacific Ocean","Océan Pacifique","Océano Pacífico","","","","Marine areas","Zones maritimes","Áreas marítimas","","","","Southern regions","Régions méridionales","Regiones del Sur","","",""
"88","Pacific, Antarctic","Pacifique, Antarctique","Pacífico, Antártico","","","","Southern Ocean","Océan Austral","Océano Austral","","","","Marine areas","Zones maritimes","Áreas marítimas","","","","Southern regions","Régions méridionales","Regiones del Sur","","",""
"98","Antarctic areas nei","Zones antarctiques nca","Áreas antárticas nep","","","","Southern Ocean","Océan Austral","Océano Austral","","","","Marine areas","Zones maritimes","Áreas marítimas","","","","","","","","",""
"99","Marine areas outside the Antarctic","Zones maritimes hors de l'Antarctique","Áreas marítimas fuera del Antártico","","","","","","","","","","Marine areas","Zones maritimes","Áreas marítimas","","","","","","","","",""
"08","Antarctica - Inland waters","Antarctique - Eaux continentales","Antártida - Aguas continentales","","","","","","","","","","Inland waters","Eaux continentales","Aguas continentales","","","","","","","","",""
