Country Name,2017,2018,2019,2020,2021,2022,2017.1,2018.1,2019.1,2020.1,2021.1,2022.1
Aruba,149.5,150.0,164.5,161.5,166.5,173.5,0.0001051566836876,0.0001051566836876,0.000105,0.000105,0.000105157,0.0001052
Africa Eastern and Southern,3897511.9,3883753.45,3821770.86,3805060.99,4097350.48,3725334.12,4.94569027956894,4.94568706077219,5.23588024426614,5.03656369796849,5.04051231712238,0.0001052
Afghanistan,9000.0,10000.0,10729.0,11444.0,12907.0,13150.0,4.94569027956894,4.94568706077219,5.23588024426614,5.03656369796849,5.04051231712238,0.0001052
Africa Western and Central,3706566.44,3642143.61,3667626.7,3523165.88,3701624.19,3894655.4,4.94569027956894,4.94568706077219,5.23588024426614,5.03656369796849,5.04051231712238,0.0001052
Angola,532914.0,444858.0,401696.0,376515.0,531522.0,471672.0,0.0049298271424682,0.0049298271424682,0.00493,0.00493,0.004929823,0.0049298
Albania,12993.2,14906.3,15011.5,16711.16,18282.5,17551.5,2.71803297867369,2.71803297867369,2.839279,2.839279,2.839279175,2.8392792
Andorra,12993.2,14906.3,15011.5,16711.16,18282.5,17551.5,2.71803297867369,2.71803297867369,2.839279,2.839279,2.839279175,2.8392792
Arab World,4300806.83,4701188.86,4905436.74,4979224.23,5205588.83,5216473.19,4.06190907511517,4.06190907511517,4.06265755043518,3.64326352548187,3.64766252861276,2.8392792
United Arab Emirates,78542.0,78845.0,75357.0,74435.78,70606.94,69034.96,11.2703538609644,11.2703538609644,11.27034,11.48045,11.48044777,11.4804478
Argentina,838628.76,838592.31,828687.19,839673.99,856252.8,853774.74,3.79699243606319,3.79699243606319,11.76767,11.76653,11.76652527,11.767086
Armenia,17054.0,17369.0,18270.0,19100.01,19700.0,25000.0,3.79699243606319,3.79699243606319,11.76767,11.76653,11.76652527,11.767086
American Samoa,2337.88,2048.42,1454.78,886.17,1210.02,1329.13,8.71587580537483,8.71587580537483,8.715876,0.002208,8.723742485,8.7237425
Antigua and Barbuda,3185.0,3185.0,3185.0,3135.0,3225.0,3250.0,0.181504473350006,0.181504473350006,0.181504,0.299509,0.299942076,0.2999421
Australia,249987.44,267244.82,257007.49,279170.58,289687.29,290289.75,40.5594116036044,40.5594116036044,40.55941,40.84466,44.33663559,44.3366356
Austria,4211.9,4341.6,4605.04,4891.91,5270.39,5068.72,40.5594116036044,40.5594116036044,40.55941,40.84466,44.33663559,44.3366356
Azerbaijan,1660.0,2092.0,1708.4,2622.0,1971.0,2256.0,0.436929518301171,0.436929518301171,0.436929,0.436929,0.436928868,0.4369289
Burundi,19439.0,20755.0,20867.0,20079.0,20090.0,20475.0,0.436929518301171,0.436929518301171,0.436929,0.436929,0.436928868,0.4369289
Belgium,24724.0,23116.0,21436.0,20162.8,18160.0,18953.0,36.6552430210351,36.6552430210351,36.65342,36.65342,36.65341568,38.0590172
Benin,52852.66,60223.14,79377.35,77101.91,78765.0,80655.0,0.0,0.0,0.0,0.0,0.0,0.0
Burkina Faso,25625.0,27752.0,28403.0,29805.0,30609.0,30938.0,0.0,0.0,0.0,0.0,0.0,0.0
Bangladesh,4134436.0,4276641.0,4384219.0,4503371.0,4621228.04,4758731.0,5.35719019951986,5.35719019951986,5.356943,5.356943,5.356942654,5.3569427
Bulgaria,24127.79,24512.9,26830.44,21347.59,24182.89,15105.16,8.10330994468942,8.10330994468942,8.10862,8.108338,8.108338356,8.1083384
Bahrain,18520.95,21092.05,18315.97,17248.0,17051.02,19892.55,1.24223918679232,1.24223918679232,1.242278,1.242278,1.242277741,21.1257343
"Bahamas, The",11485.94,11005.53,10151.91,7439.16,8705.85,9346.22,7.92288620534516,7.92288620534516,7.922884,7.922884,7.922884464,7.9228845
Bosnia and Herzegovina,4105.4,3983.8,4302.4,4120.8,4163.6,4264.9,0.0,0.0,0.0,0.0,0.0,0.0
Belarus,11126.8,12381.3,10252.7,10205.38,9116.13,7520.4,0.0,0.0,0.0,0.0,0.0,0.0
Belize,121924.06,217532.04,214565.32,187468.89,192113.13,205894.24,10.0788752290615,10.0788752290615,10.07892,11.01918,11.01918316,11.0191832
Bermuda,121924.06,217532.04,214565.32,187468.89,192113.13,205894.24,5.64206970825242e-05,5.64206970825242e-05,5.6e-05,5.6e-05,5.64e-05,5.64e-05
Bolivia,10680.0,11150.0,11725.0,11220.0,11453.0,205894.24,5.64206970825242e-05,5.64206970825242e-05,5.6e-05,5.6e-05,5.64e-05,5.64e-05
Brazil,1297727.44,1307036.09,1334878.88,1361646.13,1419484.76,1497393.0,26.6241067049733,26.6241067049733,26.6241,26.82149,26.82148552,26.8214855
Barbados,1765.04,1757.46,900.24,1059.25,867.07,857.04,0.0058465121943388,0.0058465121943388,0.005578,0.005578,0.005578455,0.0055785
Brunei Darussalam,13496.0,14811.99,14623.57,16591.07,20062.92,21080.0,0.201102067315263,0.201102067315263,0.201099,0.201099,0.2010988,0.2010988
Bhutan,238.0,223.62,209.77,181.5,194.1,199.88,0.201102067315263,0.201102067315263,0.201099,0.201099,0.2010988,0.2010988
Botswana,58.0,63.0,73.0,179.0,201.0,209.0,0.201102067315263,0.201102067315263,0.201099,0.201099,0.2010988,0.2010988
Central African Republic,29190.0,29204.0,29204.0,27704.0,28210.0,29215.0,0.201102067315263,0.201102067315263,0.201099,0.201099,0.2010988,0.2010988
Canada,1045716.16,1045463.69,1040635.66,935145.97,944369.17,870639.83,0.871881853190504,0.871881853190504,2.907388,8.784922,8.857775688,9.0630465
Central Europe and the Baltics,707320.53,699930.0,711868.27,679416.39,667846.97,649552.9,20.9487757841186,19.199308509922,20.9503523320477,18.8849260930773,18.8845986620575,9.0630465
Switzerland,3665.0,3396.0,3740.44,3844.03,3849.93,3985.93,20.9487757841186,19.199308509922,20.9503523320477,18.8849260930773,18.8845986620575,9.0630465
Channel Islands,4108.2,4669.6,4428.2,3180.72,3332.51,3480.0,20.9487757841186,19.199308509922,20.9503523320477,18.8849260930773,18.8845986620575,9.0630465
Chile,3554763.22,3658914.81,3787588.99,3688721.13,3834716.59,4214240.49,28.814450666394,28.814450666394,41.19151,41.32516,41.32516098,41.3541069
China,79935166.11,80966168.45,82593752.45,83929521.5,85948133.98,88567716.02,5.40683189597192,5.40683189597192,5.406831,5.479009,5.479008675,5.4790087
Cote d'Ivoire,99748.74,113787.03,115014.87,80009.14,109992.91,106143.34,0.0745659769547534,0.0745659769547534,0.074566,0.072576,0.072575644,0.0725756
Cameroon,270592.0,287453.0,303861.82,290138.0,300138.0,309153.0,3.40964063973876,3.40964063973876,11.46265,10.8919,10.89189816,10.8918982
"Congo, Dem. Rep.",241580.0,241880.0,242290.0,222440.0,233860.0,309153.0,0.236439195438816,0.236439195438816,0.236432,0.236432,0.236431941,0.2364319
"Congo, Rep.",95727.0,99374.0,71080.84,71537.35,70330.0,65110.79,3.2117029732529,3.2117029732529,3.211738,3.010546,3.010546446,3.0105464
Colombia,206746.5,214337.22,283097.95,271273.45,322551.18,312511.99,17.0698862847978,17.0698862847978,17.06084,17.1657,17.16570282,17.0900021
Comoros,206746.5,214337.22,283097.95,271273.45,322551.18,312511.99,0.0226364027578958,0.0226364027578958,0.022636,0.374477,0.374477267,0.3744773
Cabo Verde,18617.0,26593.23,17195.32,19507.25,11651.87,7793.94,0.0006769939880236,0.0006769939880236,0.000677,0.000677,0.000676994,0.000677
Costa Rica,33622.83,36377.57,39814.97,42948.32,46907.39,50441.11,0.833447452118705,0.833447452118705,2.614376,2.728769,2.728768587,28.9516144
Caribbean small states,387552.31,353483.21,334742.29,302504.19,304080.65,321345.44,1.39319343853239,1.39319343853239,1.39840043148118,1.44818013322145,1.44817743293952,28.9516144
Cuba,52758.0,51249.0,45468.3,46096.2,40717.4,29923.9,4.3249505259467,4.3249505259467,3.851971,3.852249,3.852249146,3.8522491
Curacao,32626.13,37911.03,29213.84,23051.82,25027.24,8826.8,0.0341709310928601,0.0341709310928601,0.038174,0.038174,0.038173836,0.0381738
Cayman Islands,135.0,135.0,204.0,207.0,210.0,213.0,0.0776734150587337,0.0776734150587337,0.077673,0.077673,0.077673122,0.0776731
Cyprus,9031.11,8837.05,9638.34,8669.87,9263.59,8894.92,0.122715523666451,0.122715523666451,0.123078,8.620539,8.620538712,8.6205378
Czechia,25242.0,25401.0,24707.0,24130.0,24305.0,22640.0,0.122715523666451,0.122715523666451,0.123078,8.620539,8.620538712,8.6205378
Germany,284216.0,313409.0,265150.8,244352.57,220301.27,206266.0,45.3573960418849,45.3573960418849,45.38045,45.38863,45.46042633,45.4581184
Djibouti,284216.0,313409.0,265150.8,244352.57,220301.27,206266.0,0.167867459666831,0.167867459666831,0.167865,0.167865,0.167864516,0.1678645
Dominica,784.0,762.0,860.4,527.1,289.47,292.5,0.105277967308817,0.105277967308817,0.034827,0.034789,0.034776829,0.0333271
Denmark,941987.0,825635.0,678639.49,775529.39,507002.33,496114.2,17.8489925277439,17.8489925277439,17.91984,18.32221,18.32213974,18.3222065
Dominican Republic,18363.54,16929.42,19231.01,17494.13,21416.88,21760.0,17.9579055499101,17.9579055499101,17.95776,17.95776,17.95775986,17.276762
Algeria,108342.63,120166.41,105388.57,76954.71,83979.29,85998.0,0.0854831025889078,0.0854831025889078,0.085483,0.068023,0.068022594,0.0680226
East Asia & Pacific (excluding high income),124549634.3,126161759.1,127757552.75,128615528.29,129849873.74,132464361.14,4.23909256599744,4.23910463529243,4.15151052080295,4.34332289628422,4.40941016114973,0.0680226
Early-demographic dividend,63752502.68,68391330.78,66795438.59,66924724.25,68914735.2,68318781.57,3.90037362104261,3.90035227104162,4.74418650302073,4.73794782387247,4.83618408024845,0.0680226
East Asia & Pacific,134536316.89,136298377.13,137804179.03,138496058.31,139808586.24,138230416.14,16.874752899805,16.8747688659699,16.8227795011737,17.0391969786142,18.3482535073468,0.0680226
Europe & Central Asia (excluding high income),6185561.48,6507837.25,6722169.83,6769710.0,6919749.04,6789560.56,2.64655391473431,2.64655391473431,2.64682507242863,8.78288693479826,8.43445874217953,0.0680226
Europe & Central Asia,19058974.14,19299255.14,18690121.12,18611359.8,18755161.37,18002738.75,5.55279397323292,5.48184724593579,5.73727797645965,10.8175669589982,10.7264719516594,0.0680226
Ecuador,1108129.0,1179204.0,1304010.22,1410927.23,1767241.89,1811374.27,13.3461718314051,13.3461718314051,13.34592,13.34592,13.34592247,19.1484432
"Egypt, Arab Rep.",1777824.17,1967517.0,2038992.34,2010580.0,2001959.4,1992627.0,4.95148884185994,4.95148884185994,4.951488,4.951488,4.951487541,4.9514875
Euro area,4522080.75,4459823.01,4141186.0,3788300.58,3856092.32,3815972.95,23.4369239216171,22.8347628683601,25.2916002317012,24.9784370117602,24.8771653460058,4.9514875
Eritrea,3932.59,5651.24,5444.4,3744.0,1493.16,1594.54,0.0,0.0,0.0,0.0,0.0,0.0
Spain,1266209.09,1287623.92,1193951.31,1074907.26,1083032.77,1085165.22,8.37411263885255,8.37411263885255,12.68843,12.7587,12.75744438,12.7854223
Estonia,83690.46,87994.66,87816.97,75232.59,73085.0,74739.56,18.6204423838105,18.6204423838105,18.63492,18.77884,18.77870941,18.7789497
Ethiopia,56127.1,63885.77,59430.89,60536.0,73880.0,102470.0,18.6204423838105,18.6204423838105,18.63492,18.77884,18.77870941,18.7789497
European Union,6073842.01,5882773.0,5369335.72,5099260.27,4881035.23,4778832.52,21.4221211171249,21.0121590207669,22.676751112217,22.4841026902141,22.4685523549019,18.7789497
Fragile and conflict affected situations,7291053.58,7302264.02,7257023.69,7128164.31,6936603.09,6606422.46,21.4221211171249,21.0121590207669,22.676751112217,22.4841026902141,22.4685523549019,18.7789497
Finland,205211.9,189364.09,179213.09,163621.9,147681.4,138964.6,10.5099633551937,10.5099633551937,12.11062,11.98687,11.98700523,11.9924765
Fiji,47745.0,43029.41,42003.87,37919.42,33215.58,32837.2,0.924879431405508,0.924879431405508,0.92488,0.92488,0.924879611,0.9248796
France,742968.11,766121.48,720260.92,669512.04,704111.64,735365.83,45.0457953940979,45.0457953940979,48.92877,50.35653,49.82694626,49.8158798
Faroe Islands,788758.0,739031.0,748204.3,739927.1,656362.9,714655.1,0.0108312493723335,0.0108312493723335,0.010831,0.010831,0.010831232,0.0108312
"Micronesia, Fed. Sts.",101417.0,137920.65,181769.51,193747.86,166333.97,714655.1,0.0157723799070518,0.0157723799070518,0.015772,0.015772,0.01577238,0.0157724
Gabon,29050.0,29062.0,29062.0,28952.0,29912.0,31097.0,28.8271766191915,28.8271766191915,28.82714,28.82714,28.82713699,28.827137
United Kingdom,953015.59,889214.31,852817.59,843243.01,864698.11,31097.0,28.8733055538075,28.8733055538075,29.16274,44.20283,44.20282745,44.0570869
Georgia,139465.38,205905.0,254200.15,209176.9,200365.45,200531.57,0.667756100327337,0.667756100327337,0.667756,0.667756,0.667755842,0.6677558
Ghana,425182.76,435373.37,369665.72,434696.15,482141.55,652309.27,0.0974062095921647,0.0974062095921647,0.097406,0.096692,0.09669181,0.0966918
Gibraltar,425182.76,435373.37,369665.72,434696.15,482141.55,652309.27,12.8217275107356,12.8217275107356,12.82936,0.0,0.0,0.0
Guinea,321741.9,293693.6,360643.2,310705.0,326270.0,336050.0,0.529571455146597,0.529571455146597,0.52957,0.52957,0.52972877,0.5297288
"Gambia, The",60496.0,49559.0,56231.66,51022.79,53206.97,53988.5,0.0696771265532355,0.0696771265532355,0.069679,0.60384,0.603840232,0.6038402
Guinea-Bissau,38375.0,52278.67,60170.0,62407.45,63236.0,63850.0,10.0094124457438,10.0094124457438,10.00945,8.988976,8.988976479,8.9889765
Equatorial Guinea,6392.0,6422.61,6432.72,5973.28,6322.12,6625.15,0.235115094159034,0.235115094159034,0.235115,0.235115,0.235114738,0.2351147
Greece,203840.0,210080.72,211995.28,203213.19,203557.44,207502.38,4.51786536462105,4.51786536462105,4.517861,4.517863,4.51787138,4.5178628
Grenada,2462.65,2560.92,2071.39,1916.39,1234.08,1881.61,0.0862502716404704,0.0862502716404704,0.086252,0.098036,0.098035686,0.0980357
Greenland,2462.65,2560.92,2071.39,1916.39,1234.08,1881.61,4.51873918534929,4.51873918534929,4.51875,4.515592,4.513874531,4.5155921
Guatemala,41735.72,42392.13,46714.26,45140.61,43665.51,58570.04,0.900143643771587,0.900143643771587,0.900141,0.805985,0.805985153,0.8059852
Guam,252.42,197.85,195.2,155.14,130.69,459.5,0.0090674155727061,0.0090674155727061,0.009067,0.018284,0.0197942,0.0197942
Guyana,43673.27,41694.76,39330.02,40124.53,34357.98,37206.85,0.0127123723136723,0.0127123723136723,0.018885,0.018885,0.018885171,0.0188852
High income,34141941.35,34275246.38,33613175.35,32683687.39,33124432.84,28369828.46,23.0599965256,23.0177631887777,23.9850097931111,24.735086332204,19.2806650194181,0.0188852
"Hong Kong SAR, China",131726.0,128432.0,126716.1,123262.7,119187.85,80561.18,23.0599965256,23.0177631887777,0.0,0.0,19.2806650194181,0.0188852
Honduras,76152.0,77123.0,80047.0,86997.1,84947.8,93386.0,4.15706760137244,4.15706760137244,4.157064,4.577913,4.577913284,4.5779133
Heavily indebted poor countries (HIPC),4572582.56,4599292.03,4814063.93,4733833.23,5050758.38,4974978.11,4.15706760137244,4.15706760137244,4.157064,4.577913,4.577913284,4.5779133
Croatia,87089.77,90271.36,85063.37,93394.77,89459.67,90839.22,8.54108490852191,8.54108490852191,8.541029,8.99141,8.987750053,8.9877367
Haiti,17910.0,17780.0,17905.0,17910.0,17830.0,18395.0,0.0,0.0,1.463562,1.463562,1.474483371,1.4744834
Hungary,23893.5,23101.3,22119.31,23856.43,22447.27,23544.79,0.0,0.0,1.463562,1.463562,1.474483371,1.4744834
IBRD only,157579675.42,163649769.92,164291759.32,165800427.43,170435209.43,173015878.0,7.2207037157921,7.22071056502551,7.73264392904139,9.75629564234299,9.679258926699,1.4744834
IDA & IBRD total,174360522.46,180650707.34,181517260.35,182961714.58,187727644.87,190326789.91,6.49822599280031,6.49823632166681,6.95003807645697,8.54533307620839,8.48524293080902,1.4744834
IDA total,16780847.04,17000937.42,17225501.03,17161287.15,17292435.44,17310911.91,6.49822599280031,6.49823632166681,6.95003807645697,8.54533307620839,8.48524293080902,1.4744834
IDA blend,3016577.58,2932767.15,2822105.83,2700235.22,2729610.56,2769982.48,1.08782596706782,1.08782596706782,2.13892622268143,2.03833125213894,2.03833125311487,1.4744834
Indonesia,23156059.1,23132926.86,22760687.73,21834094.6,21718023.23,22032424.56,3.05732314978845,3.05732314978845,3.057332,3.0576,3.057600498,3.0576005
IDA only,13764269.46,14068170.27,14403395.2,14461051.93,14562824.88,14540929.43,3.05732314978845,3.05732314978845,3.057332,3.0576,3.057600498,3.0576005
Isle of Man,13764269.46,14068170.27,14403395.2,14461051.93,14562824.88,14540929.43,3.05732314978845,3.05732314978845,0.0,0.0,3.057600498,3.0576005
India,11763822.01,12584085.0,13410100.02,13299483.01,14433204.98,15774324.95,0.17070584961861,0.17070584961861,0.170706,0.170706,0.240883142,0.2408831
Not classified,11763822.01,12584085.0,13410100.02,13299483.01,14433204.98,15774324.95,0.17070584961861,0.17070584961861,0.170706,0.170706,0.240883142,0.2408831
Ireland,321762.94,288136.86,276357.34,246252.76,276257.85,247552.73,2.33211062388034,2.33211062388034,2.332142,2.331836,2.331835985,2.3319521
"Iran, Islamic Rep.",1195366.99,1268111.63,1282681.01,1271400.05,1258202.73,247552.73,0.804553421456393,0.804553421456393,0.804555,0.804555,0.80455476,0.8045548
Iraq,67034.0,62673.0,62338.0,57474.17,66373.69,67550.0,0.0,0.0,0.0,0.0,0.0,0.0
Iceland,1224644.7,1298685.0,1100942.8,1079695.19,1224383.4,1486086.47,0.380335278189585,0.380335278189585,0.380436,0.421106,0.424580783,0.4272036
Israel,20051.0,19073.0,18986.0,17296.0,16910.0,15895.0,0.0325519366905822,0.0325519366905822,0.032552,0.042507,0.042506821,0.0425068
Italy,354014.39,351936.88,318456.34,266967.25,297590.87,276306.43,8.7946484947005,8.7946484947005,8.77793,9.735907,9.735966682,10.611516
Jamaica,20614.0,16966.63,14636.45,13801.67,14115.2,13474.49,0.754597261190083,0.754597261190083,0.754596,0.754596,0.754464388,0.7716407
Jordan,1854.45,1994.86,2618.73,2638.95,2810.0,3257.0,35.5909103031074,35.5909103031074,35.71784,0.982071,0.982071519,0.9820715
Japan,4299760.7,4415827.01,4206676.31,4266442.05,4213918.69,3910316.4,8.23376220860353,8.23376220860353,8.233762,8.233667,13.89171028,13.8917103
Kazakhstan,44095.99,42936.41,52577.69,49401.94,46895.72,52130.25,1.04921248631761,1.04921248631761,1.049212,50.72809,50.72809219,50.7280922
Kenya,167987.14,153140.52,151000.83,154928.36,169726.9,174699.47,0.804183961345371,0.804183961345371,0.804181,0.762877,0.762877524,0.7314262
Kyrgyz Republic,2190.0,2577.7,4320.0,5120.0,10322.0,20729.3,0.804183961345371,0.804183961345371,0.804181,0.762877,0.762877524,0.7314262
Cambodia,856320.0,910155.01,908508.01,936300.0,856399.99,864050.0,0.18576737726616,0.18576737726616,0.185768,1.441558,1.441557646,1.4415576
Kiribati,162701.0,197902.53,238700.32,212752.3,191130.54,203296.05,11.8179006386751,11.8179006386751,11.8179,11.8179,11.81516457,11.8151646
St. Kitts and Nevis,84960.17,1046.87,654.5,650.04,676.03,674.0,0.169900821555798,0.169900821555798,3.977533,3.977533,3.977533102,3.9775331
"Korea, Rep.",3694266.23,3681843.76,3824685.84,3710381.41,3742566.29,674.0,1.63364032173735,1.63364032173735,2.430444,2.455245,2.455245018,2.455245
Kuwait,4183.0,3078.65,3483.84,3557.0,3987.0,2350.0,1.47927564445082,1.47927564445082,1.364254,1.364254,1.364254355,1.3642544
Latin America & Caribbean (excluding high income),10272660.51,13550865.63,11339780.73,12321522.23,13704430.49,12682730.43,18.2913806570277,18.2913805841199,19.5819574711329,19.6958561972349,19.6958718090479,1.3642544
Lao PDR,168869.0,179208.0,187701.0,200021.0,206008.0,12682730.43,18.2913806570277,18.2913805841199,19.5819574711329,19.6958561972349,19.6958718090479,1.3642544
Lebanon,4652.0,3736.0,3559.8,3388.0,3516.0,3558.0,0.21142857872149,0.21142857872149,0.21143,0.21143,0.225288525,0.2252885
Liberia,12489.1,14807.29,16989.03,32691.68,26319.14,30712.99,0.10334249125498,0.10334249125498,0.103343,0.103343,0.103342623,0.1033426
Libya,31883.99,32154.06,32345.0,31813.55,31961.33,32595.0,0.636429927635224,0.636429927635224,0.636429,0.633679,0.633679271,0.6336793
St. Lucia,2118.96,2079.92,1964.82,1515.72,1625.19,1652.08,0.218554217784975,0.218554217784975,0.21855,0.21855,0.218549892,0.2185499
Latin America & Caribbean,14539618.23,17809808.87,15774040.45,16624869.25,18203441.33,17240687.31,17.5376233663056,17.5376233415847,19.1776306491561,19.3648152559719,19.4253302966495,0.2185499
Least developed countries: UN classification,12852274.89,12976244.46,13256200.14,13335676.15,13517361.69,13431803.34,17.5376233663056,17.5376233415847,19.1776306491561,19.3648152559719,19.4253302966495,0.2185499
Low income,3289512.35,3389442.84,3563446.28,3562853.57,3716275.07,2542996.75,17.5376233663056,17.5376233415847,19.1776306491561,19.3648152559719,19.4253302966495,0.2185499
Liechtenstein,3289512.35,3389442.84,3563446.28,3562853.57,3716275.07,2542996.75,17.5376233663056,17.5376233415847,19.1776306491561,19.3648152559719,19.4253302966495,0.2185499
Sri Lanka,501656.63,510201.19,505801.79,424605.7,423428.76,391702.99,0.0746256541871951,0.0746256541871951,0.074626,0.074626,0.074625649,0.0746256
Lower middle income,42431635.31,44000374.38,45340739.72,45406111.84,46634442.12,47550609.59,1.41650074806007,1.41641896447483,1.54856881316975,1.39705413510566,1.60302713173883,0.0746256
Low & middle income,170511593.2,176854327.42,177522049.2,179028668.65,183585408.68,185248295.03,6.23399899146904,6.23400622785045,6.58457441017789,8.21167703698684,8.1357188573897,0.0746256
Lesotho,1853.0,2552.46,2607.0,2668.0,1576.3,1915.26,6.23399899146904,6.23400622785045,6.58457441017789,8.21167703698684,8.1357188573897,0.0746256
Late-demographic dividend,107532005.1,109713499.03,111768024.31,113453968.37,116055243.27,118849458.66,8.98587259339922,8.9858906407478,9.20177379952916,12.401895993889,12.1355402056557,0.0746256
Lithuania,93519.07,78763.68,106434.56,95468.76,101287.83,111781.16,25.5910267323495,25.5910267323495,25.59247,25.59247,25.59327126,25.5924759
Luxembourg,93519.07,78763.68,106434.56,95468.76,101287.83,111781.16,25.5910267323495,25.5910267323495,25.59247,25.59247,25.59327126,25.5924759
Latvia,70219.54,73973.66,71993.64,65706.45,62559.51,62377.91,16.0363617853212,16.0363617853212,16.03661,16.03789,16.03735733,16.0392818
"Macao SAR, China",70219.54,73973.66,71993.64,65706.45,62559.51,62377.91,16.0363617853212,16.0363617853212,16.03661,16.03789,16.03735733,16.0392818
St. Martin (French part),70219.54,73973.66,71993.64,65706.45,62559.51,62377.91,96.4019006131393,96.4019006131393,96.42516,96.42509,96.42507935,96.4250793
Morocco,1403400.81,1387814.9,1477511.76,1399150.69,1434205.43,1592954.21,0.259984460474417,0.259984460474417,0.259984,0.689612,0.67562151,0.6756215
Monaco,1403400.81,1387814.9,1477511.76,1399150.69,1434205.43,1592954.21,99.8319954581051,99.8319954581051,99.75462,99.75462,99.71312714,99.7131271
Moldova,12213.0,12660.0,12730.0,12650.0,12905.0,1592954.21,99.8319954581051,99.8319954581051,99.75462,99.75462,99.71312714,99.7131271
Madagascar,189951.38,142361.72,128287.67,126108.29,130738.1,152317.69,0.746184480636302,0.746184480636302,0.746185,0.913728,0.91372788,0.9137279
Maldives,189951.38,142361.72,128287.67,126108.29,130738.1,152317.69,0.0515050354543078,0.0515050354543078,0.051505,0.067595,0.067595109,0.0675951
Middle East & North Africa,5486719.14,5959355.71,6173649.3,6243193.04,6449644.69,5199977.94,1.58268498053276,1.58268498053276,1.5835277911812,1.32612257808872,1.33121064696709,0.0675951
Mexico,1880687.83,1946512.63,1874459.54,1940137.58,1912067.74,1972994.33,21.7820205104146,21.7820205104146,21.5534,21.55339,21.55339432,21.5555801
Marshall Islands,70302.0,78354.37,101556.23,88199.58,95821.19,91642.64,0.268803312449119,0.268803312449119,0.268803,0.268803,0.268803269,0.2688033
Middle income,167222080.85,173464884.58,173958602.92,175465815.08,179869133.61,182705298.28,6.35800352647168,6.35801275266153,6.74060518003307,8.5872843133708,8.50264606984818,0.2688033
North Macedonia,1595.4,1499.3,2355.0,2106.79,2174.51,2261.2,6.35800352647168,6.35801275266153,6.74060518003307,8.5872843133708,8.50264606984818,0.2688033
Mali,110135.0,95713.0,116347.0,125376.0,113884.0,119195.91,6.35800352647168,6.35801275266153,6.74060518003307,8.5872843133708,8.50264606984818,0.2688033
Malta,17884.32,22023.22,16315.55,21932.76,18913.13,20859.75,6.270051159836,6.270051159836,7.444799,7.44494,7.444803238,7.4449396
Myanmar,3204132.01,3168439.45,3033318.64,3122143.0,2833096.69,3061808.0,2.32704768669274,2.32704768669274,0.477839,0.477839,0.477839023,0.477839
Middle East & North Africa (excluding high income),4861607.02,5122684.04,5302759.14,5141176.64,5199773.22,4117477.65,1.30563128087114,1.30563128087114,1.30691652816576,0.969702271945675,0.969006458206692,0.477839
Montenegro,2101.7,2389.8,2350.0,1701.45,1666.0,1942.0,0.0012194317877657,0.0012194317877657,0.139914,0.072146,0.072145797,0.5798241
Mongolia,2101.7,2389.8,2350.0,1701.45,1666.0,1942.0,0.0012194317877657,0.0012194317877657,0.139914,0.072146,0.072145797,0.5798241
Northern Mariana Islands,160.58,156.29,139.27,143.37,230.21,1942.0,33.2506864536383,33.2506864536383,33.25069,31.96741,33.15604401,33.156044
Mozambique,331356.79,352052.16,403590.35,391089.02,413390.04,461913.54,2.23203079290958,2.23203079290958,2.232032,2.145914,2.145914078,2.1459141
Mauritania,331356.79,352052.16,403590.35,391089.02,413390.04,461913.54,4.15343412031411,4.15343412031411,4.153438,4.153438,4.153437614,4.1534376
Mauritius,26240.36,31411.08,37327.49,29287.69,32344.82,34829.49,0.0038782252392353,0.0038782252392353,0.003878,0.003878,0.003878224,0.0038782
Malawi,211671.8,230863.0,163184.0,180508.22,180508.0,194013.36,0.0038782252392353,0.0038782252392353,0.003878,0.003878,0.003878224,0.0038782
Malaysia,1901885.53,1855008.87,1877376.18,1791561.76,1755709.06,1892540.81,1.54462068653388,1.54462068653388,1.544437,3.305017,5.556128502,5.5561285
North America,6511323.16,6313483.04,6361214.51,5652657.58,5713894.29,5612299.77,20.9109200621673,20.9109200621673,21.9309480150156,23.0390642361862,12.7897832624985,5.5561285
Namibia,501928.91,490536.69,467429.12,329990.85,411170.46,416008.9,1.71419850958611,1.71419850958611,1.7142,1.7142,1.714199662,1.7141997
New Caledonia,5152.5,4746.07,5229.11,4804.48,4741.47,5663.91,96.5933353380651,96.5933353380651,96.26025,96.26025,96.26024628,96.2602463
Niger,25545.0,31392.0,40409.65,46649.0,47672.0,48170.0,96.5933353380651,96.5933353380651,96.26025,96.26025,96.26024628,96.2602463
Nigeria,1212474.97,1169478.0,1114556.25,1044812.42,1080855.0,1043230.0,0.0167093086853826,0.0167093086853826,0.016709,0.016709,0.016709292,0.0167093
Nicaragua,75881.0,84027.39,80833.29,72955.54,86280.44,85300.82,2.97423143422297,2.97423143422297,2.974228,3.392359,3.39235878,3.3923588
Netherlands,551818.0,465199.0,366791.8,347466.11,340231.0,338052.0,26.674686164467,26.674686164467,26.86234,26.86295,26.85873413,26.8632526
Norway,3867391.27,4020185.1,3931628.23,4115779.83,4244846.27,4262103.08,0.830781615307169,0.830781615307169,0.833068,1.534445,9.948864937,9.8145514
Nepal,77157.1,86864.0,92252.0,97822.0,105291.0,108385.0,0.830781615307169,0.830781615307169,0.833068,1.534445,9.948864937,9.8145514
Nauru,270.3,9155.5,33525.3,92388.5,120409.5,106750.5,0.830781615307169,0.830781615307169,0.833068,1.534445,0.0,0.0
New Zealand,547673.14,512559.8,527209.86,483546.03,460346.1,452469.57,30.3711096049962,30.3711096049962,30.42272,30.42154,30.42153931,30.4215393
OECD members,33586483.93,33620084.6,33114134.32,32114694.47,32412338.62,28059126.06,24.2527458132885,24.2112077383245,25.1679829174322,25.9044777178899,20.2982891972861,30.4215393
Oman,347616.25,555009.45,580240.0,794725.95,923786.32,751823.49,0.123193766688499,0.123193766688499,0.123194,0.123194,0.329986572,0.3299866
Other small states,2217177.29,2312977.95,2094299.08,1914023.87,2142923.35,2414384.15,7.42455386420288,7.42455906165516,7.43173484129801,7.48376162426107,7.48398913958431,0.3299866
Pakistan,694394.99,663893.01,649247.0,655245.0,660585.99,665520.24,0.766529034487532,0.766529034487532,0.766529,0.766529,0.766529322,0.7665293
Panama,187040.1,206371.48,267500.71,222368.65,229440.26,198492.19,1.68141684962454,1.68141684962454,1.681414,11.5708,26.84472847,26.8447285
Peru,4285651.36,7349861.86,5014100.01,5820795.2,6726988.61,5509031.32,0.481531062400898,0.481531062400898,0.481531,0.481531,0.481531292,7.9589729
Philippines,4126941.23,4126424.45,4189087.04,4237749.79,4088382.66,4120499.26,1.15906292876311,1.15906292876311,1.159064,1.159064,1.744403958,1.744404
Palau,3463.7,3906.42,3949.95,791.0,835.2,823.07,82.987627518726,82.987627518726,100.0,100.0,100.0,100.0
Papua New Guinea,331294.57,336045.92,289580.58,220130.47,191017.47,240192.06,0.190475345710919,0.190475345710919,0.138886,0.138886,0.138885811,0.1388858
Poland,265195.77,266065.34,256162.0,254090.3,246171.5,224632.94,22.5718228259043,22.5718228259043,22.57243,22.57247,22.57246971,22.5724697
Pre-demographic dividend,5870821.54,5725303.91,5917497.02,5660965.78,6123921.92,5759628.39,22.5718228259043,22.5718228259043,22.57243,22.57247,22.57246971,22.5724697
Puerto Rico,1571.66,1656.93,1531.3,1590.69,1591.0,1592.29,1.74720503989319,1.74720503989319,1.747204,1.813428,1.817150354,1.8171504
"Korea, Dem. People's Rep.",833760.0,886760.0,884760.0,882300.0,888630.0,1592.29,0.0220855166086922,0.0220855166086922,0.022085,0.022085,0.022085465,0.0220855
Portugal,195123.72,192261.18,198739.85,180530.97,199045.26,180858.56,16.5639347523567,16.5639347523567,16.5646,16.81832,16.81914139,16.9033108
Paraguay,27825.25,28646.55,29690.46,31075.0,31710.0,37905.0,16.5639347523567,16.5639347523567,16.5646,16.81832,16.81914139,16.9033108
West Bank and Gaza,3708.0,3950.0,4573.0,5306.9,5357.7,4922.0,16.5639347523567,16.5639347523567,16.5646,16.81832,16.81914139,16.9033108
Pacific island small states,495001.17,605729.16,753507.78,758339.39,781403.68,636999.45,1.0683910239058,1.0683910239058,1.17131643681867,1.17381104084139,1.17341644281796,16.9033108
Post-demographic dividend,25743972.39,25536982.78,24902440.14,24061266.61,23987868.2,18838803.72,24.7485217293149,24.7018152068082,25.5095498974811,26.3367376383664,20.0955649198134,16.9033108
French Polynesia,14123.63,14896.74,15140.43,13649.43,14800.69,13335.48,0.0043153893678262,0.0043153893678262,0.004315,0.004315,0.042181484,0.0421815
Qatar,15368.6,14675.3,17152.0,15109.3,16668.4,18536.85,1.68232793319086,1.68232793319086,1.682346,2.292062,2.292061567,2.2920616
Romania,27796.2,23477.45,23775.18,20172.88,18064.6,17467.2,23.0963049640615,23.0963049640615,23.09595,23.09858,23.09858322,23.0985832
Russian Federation,5060376.59,5323509.13,5231713.15,5372210.06,5487045.0,5339717.0,2.97456010539994,2.97456010539994,2.97456,2.97456,2.243342161,2.2433422
Rwanda,28357.0,27534.0,24760.2,37037.6,42407.3,44937.0,2.97456010539994,2.97456010539994,2.97456,2.97456,2.243342161,2.2433422
South Asia,17180704.73,18131907.82,19052558.58,18992152.21,20256839.87,21712014.06,0.458209837695856,0.457745802496207,0.457737426650748,0.457738550034444,0.511427003432637,2.2433422
Saudi Arabia,122946.0,122875.0,141039.8,157711.61,181948.66,184107.69,2.49410110479624,2.49410110479624,2.494099,2.494099,2.494098663,2.4940987
Sudan,47390.0,51041.0,49770.0,46660.0,49970.0,53250.0,15.9643552354566,15.9643552354566,15.96444,15.96444,15.96443939,15.9644394
Senegal,535950.31,485762.67,517151.27,459463.46,515107.63,535356.29,1.11482648349117,1.11482648349117,1.114824,1.114824,1.851562619,1.8515626
Singapore,6943.81,7011.4,7249.08,5184.44,5549.88,4952.61,0.0131785692156559,0.0131785692156559,0.013184,0.013184,0.013184012,0.013184
Solomon Islands,54774.5,68166.61,73910.88,46409.67,62293.02,59717.39,0.118055184897544,0.118055184897544,0.11675,0.11675,0.116749495,0.1167495
Sierra Leone,202185.0,202200.0,202200.0,200745.0,205025.0,215285.0,0.537561270535741,0.537561270535741,0.537563,0.537563,1.627439499,1.6274395
El Salvador,70627.97,68044.66,61592.74,68052.39,71768.74,73033.99,0.705446690690414,0.705446690690414,0.705446,0.707033,0.707033455,0.7070335
San Marino,70627.97,68044.66,61592.74,68052.39,71768.74,73033.99,0.705446690690414,0.705446690690414,0.705446,0.707033,0.707033455,0.7070335
Somalia,70627.97,68044.66,61592.74,68052.39,71768.74,73033.99,0.705446690690414,0.705446690690414,0.705446,0.0,0.0,0.0
Serbia,7278.65,9420.7,9353.77,7942.26,9660.89,8155.47,0.705446690690414,0.705446690690414,0.705446,0.0,0.0,0.0
Sub-Saharan Africa (excluding high income),7461425.16,7379273.58,7347228.17,7188579.28,7654742.32,7482151.19,0.705446690690414,0.705446690690414,0.705446,0.0,0.0,0.0
South Sudan,39027.0,41030.0,43035.0,41040.0,44045.0,47047.0,0.705446690690414,0.705446690690414,0.705446,0.0,0.0,0.0
Sub-Saharan Africa,7604078.34,7525897.06,7489397.56,7328226.87,7798974.67,7619989.52,0.705446690690414,0.705446690690414,0.705446,0.0,0.0,0.0
Small states,3099730.77,3272190.32,3182549.15,2974867.45,3228407.68,3372729.04,5.83004257457068,5.83004557053031,5.84004787171623,5.88986978505291,5.88997813010957,0.0
Sao Tome and Principe,3099730.77,3272190.32,3182549.15,2974867.45,3228407.68,3372729.04,0.0267864929962601,0.0267864929962601,0.026786,0.026786,0.026786458,0.0267865
Suriname,48690.75,39371.4,31457.5,29809.0,32170.0,33740.0,1.54322371356405,1.54322371356405,1.543224,1.543224,1.543223858,1.5432239
Slovak Republic,4516.26,4161.41,4540.54,4032.0,4329.0,4509.0,1.54322371356405,1.54322371356405,1.543224,1.543224,1.543223858,1.5432239
Slovenia,2030.17,2207.24,2425.26,1984.62,1954.7,1915.96,100.0,1.54322371356405,100.0,2.313674,2.31366992,2.324218
Sweden,243519.0,234757.0,195916.3,191833.1,182769.32,163355.28,15.2131849830871,15.2131849830871,15.36861,15.37623,15.76342773,15.8150454
Eswatini,165.0,165.0,165.0,160.0,165.0,165.0,15.2131849830871,15.2131849830871,15.36861,15.37623,15.76342773,15.8150454
Sint Maarten (Dutch part),165.0,165.0,165.0,160.0,165.0,165.0,8.69125972364776,8.69125972364776,8.699403,8.699418,8.699419975,8.69942
Seychelles,142653.18,146623.48,142169.39,139647.59,144232.35,137838.33,0.0361027859453036,0.0361027859453036,15.65658,32.81502,32.8150177,32.8150177
Syrian Arab Republic,6415.0,6299.0,6230.0,5700.0,6115.0,6185.0,0.246979556483572,0.246979556483572,0.246989,0.246989,0.246988833,0.2469888
Turks and Caicos Islands,1324.5,2090.5,1243.0,1297.0,2277.0,6185.0,0.0971332601341424,0.0971332601341424,0.097133,0.097133,0.097133152,0.0971332
Chad,107150.0,107105.0,107105.0,105105.0,103110.0,107120.0,0.0971332601341424,0.0971332601341424,0.097133,0.097133,0.097133152,0.0971332
East Asia & Pacific (IDA & IBRD countries),123716144.6,125284154.6,126906318.05,127825616.79,129081653.24,132571111.64,4.27450266523856,4.27451494638856,4.18618571527255,4.37960868240705,4.44624425259343,0.0971332
Europe & Central Asia (IDA & IBRD countries),6565643.22,6887651.4,7087170.38,7137367.95,7273444.81,7122499.92,3.15864249307366,3.15865104499044,3.15891898669697,9.12399838540775,8.78536679009955,0.0971332
Togo,27047.0,24910.0,26526.0,18764.0,18866.0,22656.22,0.199648310814398,0.199648310814398,0.199649,0.199649,0.199649096,0.1996491
Thailand,2388032.35,2458068.89,2490448.92,2600397.33,2405437.6,2386672.33,1.88138445843919,1.88138445843919,1.881387,4.370125,4.443102837,4.4431028
Tajikistan,1575.0,1707.99,2452.33,2584.86,4389.22,4673.0,1.88138445843919,1.88138445843919,1.881387,4.370125,4.443102837,4.4431028
Turkmenistan,15080.0,15120.0,15140.0,14755.0,15202.0,15272.0,2.99386284449424,2.99386284449424,2.993857,2.993857,2.993856668,2.9938567
Latin America & the Caribbean (IDA & IBRD countries),14436052.55,17702362.42,15683629.64,16542481.02,18122316.76,17188619.12,17.6318357527614,17.6318357228469,19.2858718365626,19.474379939001,19.5353207254962,2.9938567
Timor-Leste,6373.0,6978.04,8071.41,7866.24,7616.9,7831.6,1.3743454660287,1.3743454660287,1.37165,1.37165,1.371649981,1.37165
Middle East & North Africa (IDA & IBRD countries),4857899.02,5118734.04,5298186.14,5135869.74,5194415.52,4112555.65,1.30563128087114,1.30563128087114,1.30691652816576,0.969702271945675,0.969006458206692,1.37165
Tonga,1471.0,1324.39,1302.61,1202.32,1215.21,1426.03,1.50513952862475,1.50513952862475,0.058384,0.058384,0.058384005,0.058384
South Asia (IDA & IBRD),17180704.73,18131907.82,19052558.58,18992152.21,20256839.87,21712014.06,0.458209837695856,0.457745802496207,0.457737426650748,0.457738550034444,0.511427003432637,0.058384
Sub-Saharan Africa (IDA & IBRD countries),7604078.34,7525897.06,7489397.56,7328226.87,7798974.67,7619989.52,0.458209837695856,0.457745802496207,0.457737426650748,0.457738550034444,0.511427003432637,0.058384
Trinidad and Tobago,12949.58,13191.79,12995.71,12916.85,13102.37,13076.41,0.0489089122943094,0.0489089122943094,0.048909,0.048909,0.048908614,0.0489086
Tunisia,129829.99,136949.19,155205.2,145453.1,150342.65,149631.44,1.03551613107214,1.03551613107214,1.035521,1.035521,1.035521269,1.0355213
Turkiye,630972.5,628779.51,836550.96,785815.88,799844.0,849825.9,0.105570641629233,0.105570641629233,0.105571,0.105571,1.761303425,1.7613034
Tuvalu,7477.5,12821.89,8359.78,11296.0,31087.51,42782.0,0.0084830916542009,0.0084830916542009,0.02922,0.02922,0.029219836,0.0292198
Tanzania,144872.46,139711.22,133380.0,125972.0,142129.0,159271.0,3.01503117538247,3.01503117538247,3.015036,3.015036,3.015036106,3.0150361
Uganda,501972.6,543091.0,706166.7,702581.0,773153.36,546312.0,3.01503117538247,3.01503117538247,3.015036,3.015036,3.015036106,3.0150361
Ukraine,113650.08,95102.41,100334.34,88034.9,79930.12,37350.93,3.41515562380437,3.41515562380437,3.415151,3.415151,9.239787102,9.2397871
Upper middle income,124790445.54,129464510.2,128617863.2,130059703.24,133234691.49,135154688.69,8.1352125400436,8.1352204556617,8.60455842632559,11.1686510105427,10.9796727607176,9.2397871
Uruguay,65378.62,69830.11,68126.28,62977.77,66384.5,68872.65,0.716039761481013,0.716039761481013,0.71604,0.752423,0.752423048,0.752423
United States,5465607.0,5268019.35,5320578.85,4717511.61,4769525.12,4741659.94,41.0574077685482,41.0574077685482,41.05742,37.3732,19.04817963,19.0481796
Uzbekistan,83900.0,90984.0,121717.0,144103.02,171933.01,185273.98,41.0574077685482,41.0574077685482,41.05742,37.3732,19.04817963,19.0481796
St. Vincent and the Grenadines,32938.89,2328.89,1969.03,2140.59,1599.28,185273.98,0.220097096415405,0.220097096415405,0.220098,0.220098,0.220097497,0.2200975
"Venezuela, RB",264200.08,208510.97,209936.0,236161.02,276700.94,185273.98,3.48596490918941,3.48596490918941,3.485964,4.349998,4.349997997,4.3506241
British Virgin Islands,1193.0,1193.0,1193.0,1122.0,1134.19,1135.44,0.0041156957536471,0.0041156957536471,0.004116,0.004116,0.004115671,0.0041157
Virgin Islands (U.S.),556.91,298.0,340.72,363.61,428.32,1135.44,0.850065911232453,0.850065911232453,0.85006,0.490335,0.852163732,0.8521637
Viet Nam,7146070.53,7539001.5,7814278.31,8187491.71,8290423.98,8760377.55,0.560890835455187,0.560890835455187,0.560891,0.560891,0.560890615,0.5608906
Vanuatu,34514.05,43390.76,57200.57,63668.57,69875.54,88121.33,0.0076373460199088,0.0076373460199088,0.007637,0.007637,0.007637343,0.0076373
World,204917734.63,211338084.77,211345160.55,211948517.06,216986542.46,213618123.49,11.4656904862444,11.4505571537845,11.9887317866245,13.310388971825,11.9176421417253,0.0076373
Samoa,10865.12,9756.63,11228.76,9964.17,9186.42,9603.24,0.0868040515315485,0.0868040515315485,0.086804,0.144013,0.144013375,0.1440134
Kosovo,10865.12,9756.63,11228.76,9964.17,9186.42,9603.24,0.0868040515315485,0.0868040515315485,0.086804,0.144013,0.144013375,0.1440134
"Yemen, Rep.",131294.99,131317.99,131315.73,131316.52,154950.0,178200.0,0.46757350017511,0.46757350017511,0.467573,0.467573,0.467573524,0.4675735
South Africa,536264.08,578377.82,456228.55,613435.48,504475.87,484805.53,12.0564621192386,12.0564621192386,14.5628,15.45991,15.49616146,15.4969616
Zambia,122603.1,128103.0,135943.0,152506.0,168480.0,185076.0,12.0564621192386,12.0564621192386,14.5628,15.45991,15.49616146,15.4969616
Zimbabwe,49167.41,48066.29,46925.27,47947.89,27791.82,34514.01,12.0564621192386,12.0564621192386,14.5628,15.45991,15.49616146,15.4969616
